N,SampleMean,SampleVariance,MeanDiffSquared,VarianceDiffSquared
10,8.96455,2.24039,1.07216,3.09622
20,9.70154,3.36932,0.0890786,0.397753
50,9.91974,4.11106,0.00644122,0.0123338
100,10.1268,4.17436,0.0160683,0.0304004
200,10.0127,4.18682,0.000160346,0.0349023
500,10.038,4.08622,0.00144334,0.00743407
1000,10.0509,3.73776,0.00258932,0.0687721
5000,9.99025,3.96808,9.49737e-05,0.0010186
10000,10.0051,4.03048,2.584e-05,0.000929111
